{"cameraMode":{"drawMode":0,"name":"Shaded","section":"Shading Mode"},"sceneLighting":true,"audioPlay":false,"sceneViewState":{"m_AlwaysRefresh":false,"showFog":true,"showSkybox":true,"showFlares":true,"showImageEffects":true,"showParticleSystems":true,"showVisualEffectGraphs":true,"m_FxEnabled":true},"in2DMode":false,"pivot":{"x":3.7222208976745607,"y":-7.939559459686279,"z":27.309946060180665},"rotation":{"x":0.12043095380067826,"y":0.11172761768102646,"z":-0.013642556965351105,"w":0.9863195419311523},"size":30.484037399291993,"orthographic":false}